Country_Region,Last_Update,Confirmed,Deaths,Recovered,Active,Province_State,Lat,Long_
Afghanistan,2020-03-23 23:19:21,40,1,1,38,Afghanistan,33.93911,67.709953
Afghanistan,2020-03-24 23:37:15,74,1,1,72,Afghanistan,33.93911,67.709953
Afghanistan,2020-03-25 23:33:04,84,2,2,80,Afghanistan,33.93911,67.709953
Albania,2020-03-23 23:19:21,104,4,2,98,Albania,41.1533,20.1683
Albania,2020-03-24 23:37:15,123,5,10,108,Albania,41.1533,20.1683
Albania,2020-03-25 23:33:04,146,5,17,124,Albania,41.1533,20.1683
Algeria,2020-03-23 23:19:21,230,17,65,148,Algeria,28.0339,1.6596
Algeria,2020-03-24 23:37:15,264,19,24,221,Algeria,28.0339,1.6596
Algeria,2020-03-25 23:33:04,302,21,65,216,Algeria,28.0339,1.6596
Andorra,2020-03-23 23:19:21,133,1,1,131,Andorra,42.5063,1.5218
Andorra,2020-03-24 23:37:15,164,1,1,162,Andorra,42.5063,1.5218
Andorra,2020-03-25 23:33:04,188,1,1,186,Andorra,42.5063,1.5218
Angola,2020-03-23 23:19:21,3,0,0,3,Angola,-11.2027,17.8739
Angola,2020-03-24 23:37:15,3,0,0,3,Angola,-11.2027,17.8739
Angola,2020-03-25 23:33:04,3,0,0,3,Angola,-11.2027,17.8739
Antigua and Barbuda,2020-03-23 23:19:21,3,0,0,3,Antigua and Barbuda,17.0608,-61.7964
Antigua and Barbuda,2020-03-24 23:37:15,3,0,0,3,Antigua and Barbuda,17.0608,-61.7964
Antigua and Barbuda,2020-03-25 23:33:04,3,0,0,3,Antigua and Barbuda,17.0608,-61.7964
Argentina,2020-03-23 23:19:21,266,4,27,235,Argentina,-38.4161,-63.6167
Argentina,2020-03-24 23:37:15,387,6,52,329,Argentina,-38.4161,-63.6167
Argentina,2020-03-25 23:33:04,387,8,52,327,Argentina,-38.4161,-63.6167
Armenia,2020-03-23 23:19:21,235,0,2,233,Armenia,40.0691,45.0382
Armenia,2020-03-24 23:37:15,249,0,14,235,Armenia,40.0691,45.0382
Armenia,2020-03-25 23:33:04,265,0,16,249,Armenia,40.0691,45.0382
Australia,2020-03-23 23:23:20,32,0,0,32,Australian Capital Territory,-35.4735,149.0124
Australia,2020-03-24 23:41:50,39,0,0,39,Australian Capital Territory,-35.4735,149.0124
Australia,2020-03-25 23:37:49,39,0,0,39,Australian Capital Territory,-35.4735,149.0124
Australia,2020-03-23 23:23:20,669,6,4,659,New South Wales,-33.8688,151.2093
Australia,2020-03-24 23:41:50,818,7,4,807,New South Wales,-33.8688,151.2093
Australia,2020-03-25 23:37:49,1029,7,4,1018,New South Wales,-33.8688,151.2093
Australia,2020-03-23 23:23:20,5,0,0,5,Northern Territory,-12.4634,130.8456
Australia,2020-03-24 23:41:50,6,0,0,6,Northern Territory,-12.4634,130.8456
Australia,2020-03-25 23:37:49,6,0,0,6,Northern Territory,-12.4634,130.8456
Australia,2020-03-23 23:23:20,319,0,8,311,Queensland,-27.4698,153.0251
Australia,2020-03-24 23:41:50,397,0,8,389,Queensland,-27.4698,153.0251
Australia,2020-03-25 23:37:49,443,0,8,435,Queensland,-27.4698,153.0251
Australia,2020-03-23 23:23:20,134,0,6,128,South Australia,-34.9285,138.6007
Australia,2020-03-24 23:41:50,170,0,6,164,South Australia,-34.9285,138.6007
Australia,2020-03-25 23:37:49,170,0,6,164,South Australia,-34.9285,138.6007
Australia,2020-03-23 23:23:20,28,0,3,25,Tasmania,-42.8821,147.3272
Australia,2020-03-24 23:41:50,28,0,3,25,Tasmania,-42.8821,147.3272
Australia,2020-03-25 23:37:49,36,0,3,33,Tasmania,-42.8821,147.3272
Australia,2020-03-23 23:23:20,355,0,97,258,Victoria,-37.8136,144.9631
Australia,2020-03-24 23:41:50,411,0,97,314,Victoria,-37.8136,144.9631
Australia,2020-03-25 23:37:49,466,0,97,369,Victoria,-37.8136,144.9631
Australia,2020-03-23 23:23:20,140,1,1,138,Western Australia,-31.9505,115.8605
Australia,2020-03-24 23:41:50,175,1,1,173,Western Australia,-31.9505,115.8605
Australia,2020-03-25 23:37:49,175,1,1,173,Western Australia,-31.9505,115.8605
Austria,2020-03-23 23:19:21,4474,21,9,4444,Austria,47.5162,14.5501
Austria,2020-03-24 23:37:15,5283,28,9,5246,Austria,47.5162,14.5501
Austria,2020-03-25 23:33:04,5588,30,9,5549,Austria,47.5162,14.5501
Azerbaijan,2020-03-23 23:19:21,72,1,10,61,Azerbaijan,40.1431,47.5769
Azerbaijan,2020-03-24 23:37:15,87,1,10,76,Azerbaijan,40.1431,47.5769
Azerbaijan,2020-03-25 23:33:04,93,2,10,81,Azerbaijan,40.1431,47.5769
Bahamas,2020-03-23 23:19:21,4,0,0,4,Bahamas,25.025885,-78.035889
Bahamas,2020-03-24 23:37:15,5,0,1,4,Bahamas,25.025885,-78.035889
Bahamas,2020-03-25 23:33:04,5,0,1,4,Bahamas,25.025885,-78.035889
Bahrain,2020-03-23 23:19:21,377,2,164,211,Bahrain,26.0275,50.55
Bahrain,2020-03-24 23:37:15,392,3,177,212,Bahrain,26.0275,50.55
Bahrain,2020-03-25 23:33:04,419,4,177,238,Bahrain,26.0275,50.55
Bangladesh,2020-03-23 23:19:21,33,3,5,25,Bangladesh,23.685,90.3563
Bangladesh,2020-03-24 23:37:15,39,4,5,30,Bangladesh,23.685,90.3563
Bangladesh,2020-03-25 23:33:04,39,5,7,27,Bangladesh,23.685,90.3563
Barbados,2020-03-23 23:19:21,17,0,0,17,Barbados,13.1939,-59.5432
Barbados,2020-03-24 23:37:15,18,0,0,18,Barbados,13.1939,-59.5432
Barbados,2020-03-25 23:33:04,18,0,0,18,Barbados,13.1939,-59.5432
Belarus,2020-03-23 23:19:21,81,0,22,59,Belarus,53.7098,27.9534
Belarus,2020-03-24 23:37:15,81,0,22,59,Belarus,53.7098,27.9534
Belarus,2020-03-25 23:33:04,86,0,29,57,Belarus,53.7098,27.9534
Belgium,2020-03-23 23:19:21,3743,88,401,3254,Belgium,50.8333,4.469936
Belgium,2020-03-24 23:37:15,4269,122,461,3686,Belgium,50.8333,4.469936
Belgium,2020-03-25 23:33:04,4937,178,547,4212,Belgium,50.8333,4.469936
Belize,2020-03-23 23:19:21,1,0,0,1,Belize,13.1939,-59.5432
Belize,2020-03-24 23:37:15,1,0,0,1,Belize,13.1939,-59.5432
Belize,2020-03-25 23:33:04,2,0,0,2,Belize,13.1939,-59.5432
Benin,2020-03-23 23:19:21,5,0,0,5,Benin,9.3077,2.3158
Benin,2020-03-24 23:37:15,6,0,0,6,Benin,9.3077,2.3158
Benin,2020-03-25 23:33:04,6,0,0,6,Benin,9.3077,2.3158
Bhutan,2020-03-23 23:19:21,2,0,0,2,Bhutan,27.5142,90.4336
Bhutan,2020-03-24 23:37:15,2,0,0,2,Bhutan,27.5142,90.4336
Bhutan,2020-03-25 23:33:04,2,0,0,2,Bhutan,27.5142,90.4336
Bolivia,2020-03-23 23:19:21,27,0,0,27,Bolivia,-16.2902,-63.5887
Bolivia,2020-03-24 23:37:15,29,0,0,29,Bolivia,-16.2902,-63.5887
Bolivia,2020-03-25 23:33:04,32,0,0,32,Bolivia,-16.2902,-63.5887
Bosnia and Herzegovina,2020-03-23 23:19:21,132,1,2,129,Bosnia and Herzegovina,43.9159,17.6791
Bosnia and Herzegovina,2020-03-24 23:37:15,166,3,2,161,Bosnia and Herzegovina,43.9159,17.6791
Bosnia and Herzegovina,2020-03-25 23:33:04,176,3,2,171,Bosnia and Herzegovina,43.9159,17.6791
Brazil,2020-03-23 23:19:21,1924,34,2,1888,Brazil,-14.235,-51.9253
Brazil,2020-03-24 23:37:15,2247,46,2,2199,Brazil,-14.235,-51.9253
Brazil,2020-03-25 23:33:04,2554,59,2,2493,Brazil,-14.235,-51.9253
Brunei,2020-03-23 23:19:21,91,0,2,89,Brunei,4.5353,114.7277
Brunei,2020-03-24 23:37:15,104,0,2,102,Brunei,4.5353,114.7277
Brunei,2020-03-25 23:33:04,109,0,2,107,Brunei,4.5353,114.7277
Bulgaria,2020-03-23 23:19:21,201,3,3,195,Bulgaria,42.7339,25.4858
Bulgaria,2020-03-24 23:37:15,218,3,3,212,Bulgaria,42.7339,25.4858
Bulgaria,2020-03-25 23:33:04,242,3,4,235,Bulgaria,42.7339,25.4858
Burkina Faso,2020-03-23 23:19:21,99,4,5,90,Burkina Faso,12.2383,-1.5616
Burkina Faso,2020-03-24 23:37:15,114,4,7,103,Burkina Faso,12.2383,-1.5616
Burkina Faso,2020-03-25 23:33:04,146,4,10,132,Burkina Faso,12.2383,-1.5616
Cabo Verde,2020-03-23 23:19:21,3,0,0,3,Cabo Verde,16.5388,-23.0418
Cabo Verde,2020-03-24 23:37:15,3,1,0,2,Cabo Verde,16.5388,-23.0418
Cabo Verde,2020-03-25 23:33:04,4,1,0,3,Cabo Verde,16.5388,-23.0418
Cambodia,2020-03-23 23:19:21,87,0,2,85,Cambodia,11.55,104.9167
Cambodia,2020-03-24 23:37:15,91,0,4,87,Cambodia,11.55,104.9167
Cambodia,2020-03-25 23:33:04,96,0,10,86,Cambodia,11.55,104.9167
Cameroon,2020-03-23 23:19:21,56,0,2,54,Cameroon,3.8480000000000003,11.5021
Cameroon,2020-03-24 23:37:15,66,0,2,64,Cameroon,3.8480000000000003,11.5021
Cameroon,2020-03-25 23:33:04,75,1,2,72,Cameroon,3.8480000000000003,11.5021
Canada,2020-03-23 23:23:10,301,1,0,300,Alberta,53.9333,-116.5765
Canada,2020-03-24 23:41:36,359,1,0,358,Alberta,53.9333,-116.5765
Canada,2020-03-25 23:37:36,358,2,0,356,Alberta,53.9333,-116.5765
Canada,2020-03-23 23:23:10,472,13,0,459,British Columbia,53.7267,-127.6476
Canada,2020-03-24 23:41:36,617,13,0,604,British Columbia,53.7267,-127.6476
Canada,2020-03-25 23:37:36,617,13,0,604,British Columbia,53.7267,-127.6476
Canada,2020-03-23 23:23:10,0,1,0,-1,Diamond Princess,0.0,0.0
Canada,2020-03-24 23:41:36,0,1,0,-1,Diamond Princess,0.0,0.0
Canada,2020-03-25 23:37:36,0,1,0,-1,Diamond Princess,0.0,0.0
Cruise Ship,2020-03-23 23:19:21,712,8,567,137,Diamond Princess,0.0,0.0
Diamond Princess,2020-03-25 23:33:04,712,10,587,115,Diamond Princess,0.0,0.0
United States,2020-03-23 23:19:34,49,0,0,49,Diamond Princess,0.0,0.0
United States,2020-03-24 23:37:31,49,0,0,49,Diamond Princess,0.0,0.0
United States,2020-03-25 23:33:19,49,0,0,49,Diamond Princess,0.0,0.0
Canada,2020-03-23 23:23:10,13,0,0,13,Grand Princess,0.0,0.0
Canada,2020-03-24 23:41:36,13,0,0,13,Grand Princess,0.0,0.0
Canada,2020-03-25 23:37:36,13,0,0,13,Grand Princess,0.0,0.0
United States,2020-03-23 23:19:34,28,1,0,27,Grand Princess,0.0,0.0
United States,2020-03-24 23:37:31,28,1,0,27,Grand Princess,0.0,0.0
United States,2020-03-25 23:33:19,28,1,0,27,Grand Princess,0.0,0.0
Canada,2020-03-23 23:23:10,20,0,0,20,Manitoba,53.7609,-98.8139
Canada,2020-03-24 23:41:36,21,0,0,21,Manitoba,53.7609,-98.8139
Canada,2020-03-25 23:37:36,35,0,0,35,Manitoba,53.7609,-98.8139
Canada,2020-03-23 23:23:10,17,0,0,17,New Brunswick,46.5653,-66.4619
Canada,2020-03-24 23:41:36,18,0,0,18,New Brunswick,46.5653,-66.4619
Canada,2020-03-25 23:37:36,18,0,0,18,New Brunswick,46.5653,-66.4619
Canada,2020-03-23 23:23:10,24,0,0,24,Newfoundland and Labrador,53.1355,-57.6604
Canada,2020-03-24 23:41:36,35,0,0,35,Newfoundland and Labrador,53.1355,-57.6604
Canada,2020-03-25 23:37:36,35,0,0,35,Newfoundland and Labrador,53.1355,-57.6604
Canada,2020-03-23 23:23:10,41,0,0,41,Nova Scotia,44.681999999999995,-63.7443
Canada,2020-03-24 23:41:36,51,0,0,51,Nova Scotia,44.681999999999995,-63.7443
Canada,2020-03-25 23:37:36,68,0,0,68,Nova Scotia,44.681999999999995,-63.7443
Canada,2020-03-23 23:23:10,503,6,0,497,Ontario,51.2538,-85.3232
Canada,2020-03-24 23:41:36,588,7,0,581,Ontario,51.2538,-85.3232
Canada,2020-03-25 23:37:36,688,8,0,680,Ontario,51.2538,-85.3232
Canada,2020-03-23 23:23:10,3,0,0,3,Prince Edward Island,46.5107,-63.4168
Canada,2020-03-24 23:41:36,3,0,0,3,Prince Edward Island,46.5107,-63.4168
Canada,2020-03-25 23:37:36,5,0,0,5,Prince Edward Island,46.5107,-63.4168
Canada,2020-03-23 23:23:10,628,4,0,624,Quebec,52.9399,-73.5491
Canada,2020-03-24 23:41:36,1013,4,0,1009,Quebec,52.9399,-73.5491
Canada,2020-03-25 23:37:36,1342,6,0,1336,Quebec,52.9399,-73.5491
Canada,2020-03-23 23:23:10,66,0,0,66,Saskatchewan,52.9399,-106.4509
Canada,2020-03-24 23:41:36,72,0,0,72,Saskatchewan,52.9399,-106.4509
Canada,2020-03-25 23:37:36,72,0,0,72,Saskatchewan,52.9399,-106.4509
Central African Republic,2020-03-23 23:19:21,3,0,0,3,Central African Republic,6.6111,20.9394
Central African Republic,2020-03-24 23:37:15,3,0,0,3,Central African Republic,6.6111,20.9394
Central African Republic,2020-03-25 23:33:04,3,0,0,3,Central African Republic,6.6111,20.9394
Chad,2020-03-23 23:19:21,1,0,0,1,Chad,15.4542,18.7322
Chad,2020-03-24 23:37:15,3,0,0,3,Chad,15.4542,18.7322
Chad,2020-03-25 23:33:04,3,0,0,3,Chad,15.4542,18.7322
Chile,2020-03-23 23:19:21,746,2,11,733,Chile,-35.6751,-71.543
Chile,2020-03-24 23:37:15,922,2,17,903,Chile,-35.6751,-71.543
Chile,2020-03-25 23:33:04,1142,3,22,1117,Chile,-35.6751,-71.543
China,2020-02-23 11:19:02,18,0,18,0,Qinghai,35.7452,95.9956
China,2020-02-23 11:19:02,1,0,1,0,Tibet,31.6927,88.0924
China,2020-03-08 05:19:01,990,6,984,0,Anhui,31.8257,117.2264
China,2020-03-08 05:31:02,76,3,73,0,Xinjiang,41.1129,85.2401
China,2020-03-12 12:54:34,93,1,92,0,Jilin,43.6661,126.1923
China,2020-03-25 06:43:02,94,1,92,1,Jilin,43.6661,126.1923
China,2020-03-13 08:56:40,133,0,133,0,Shanxi,37.5777,112.2922
China,2020-03-23 23:25:43,134,0,133,1,Shanxi,37.5777,112.2922
China,2020-03-14 08:25:05,1018,4,1014,0,Hunan,27.6104,111.7088
China,2020-03-16 08:47:05,75,0,75,0,Ningxia,37.2692,106.1655
China,2020-03-16 13:49:01,168,6,161,1,Hainan,19.1959,109.7453
China,2020-03-24 04:29:15,168,6,168,-6,Hainan,19.1959,109.7453
China,2020-03-16 23:37:18,352,4,344,4,Yunnan,24.974,101.48700000000001
China,2020-03-18 01:37:43,146,2,144,0,Guizhou,26.8154,106.8748
China,2020-03-19 00:16:31,75,1,74,0,Inner Mongolia,44.0935,113.9448
China,2020-03-25 06:43:02,77,1,74,2,Inner Mongolia,44.0935,113.9448
China,2020-03-20 04:33:45,254,2,250,2,Guangxi,23.8298,108.7881
China,2020-03-21 02:03:01,248,3,239,6,Shaanxi,35.1917,108.8701
China,2020-03-24 02:39:37,249,3,240,6,Shaanxi,35.1917,108.8701
China,2020-03-25 06:43:02,250,3,240,7,Shaanxi,35.1917,108.8701
China,2020-03-22 07:20:38,543,3,536,4,Sichuan,30.6171,102.7103
China,2020-03-24 01:27:08,545,3,536,6,Sichuan,30.6171,102.7103
China,2020-03-25 06:43:02,547,3,536,8,Sichuan,30.6171,102.7103
China,2020-03-22 10:52:13,577,6,570,1,Chongqing,30.0572,107.874
China,2020-03-23 23:34:38,578,6,570,2,Chongqing,30.0572,107.874
China,2020-03-22 14:23:02,136,2,114,20,Gansu,37.8099,101.0583
China,2020-03-24 13:59:18,136,2,119,15,Gansu,37.8099,101.0583
China,2020-03-23 00:06:26,484,13,465,6,Heilongjiang,47.861999999999995,127.7615
China,2020-03-24 00:10:20,968,26,936,6,Heilongjiang,47.861999999999995,127.7615
China,2020-03-23 00:50:24,313,1,295,17,Fujian,26.0789,117.9874
China,2020-03-24 01:27:08,318,1,295,22,Fujian,26.0789,117.9874
China,2020-03-25 06:43:02,322,1,295,26,Fujian,26.0789,117.9874
China,2020-03-23 00:54:48,127,2,124,1,Liaoning,41.2956,122.6085
China,2020-03-23 01:08:15,1238,1,1221,16,Zhejiang,29.1832,120.0934
China,2020-03-24 03:30:55,1240,1,1221,18,Zhejiang,29.1832,120.0934
China,2020-03-25 06:43:02,1241,1,1221,19,Zhejiang,29.1832,120.0934
China,2020-03-23 01:11:34,2548,44,2500,4,Henan,33.882,113.61399999999999
China,2020-03-23 01:27:01,936,1,934,1,Jiangxi,27.614,115.7221
China,2020-03-23 01:53:35,319,6,310,3,Hebei,39.549,116.1306
China,2020-03-23 01:58:00,633,0,631,2,Jiangsu,32.9711,119.455
China,2020-03-24 03:30:55,636,0,631,5,Jiangsu,32.9711,119.455
China,2020-03-25 06:43:02,638,0,631,7,Jiangsu,32.9711,119.455
China,2020-03-23 02:45:51,24,0,10,14,Macau,22.1667,113.55
China,2020-03-24 03:30:55,25,0,10,15,Macau,22.1667,113.55
China,2020-03-25 07:30:31,30,0,10,20,Macau,22.1667,113.55
China,2020-03-23 03:57:57,141,3,133,5,Tianjin,39.3054,117.323
China,2020-03-24 14:16:21,145,3,133,9,Tianjin,39.3054,117.323
China,2020-03-23 05:06:15,67800,3153,59882,4765,Hubei,30.9756,112.2707
China,2020-03-24 13:02:57,67801,3160,60324,4317,Hubei,30.9756,112.2707
China,2020-03-25 10:50:39,67801,3163,60811,3827,Hubei,30.9756,112.2707
China,2020-03-23 07:08:37,537,8,401,128,Beijing,40.1824,116.4142
China,2020-03-24 07:20:23,558,8,401,149,Beijing,40.1824,116.4142
China,2020-03-25 07:35:38,561,8,403,150,Beijing,40.1824,116.4142
China,2020-03-23 10:06:18,356,4,100,252,Hong Kong,22.3,114.2
China,2020-03-24 09:09:41,386,4,101,281,Hong Kong,22.3,114.2
China,2020-03-25 09:10:20,410,4,102,304,Hong Kong,22.3,114.2
China,2020-03-23 10:21:49,1415,8,1332,75,Guangdong,23.3417,113.4244
China,2020-03-24 02:08:23,1428,8,1333,87,Guangdong,23.3417,113.4244
China,2020-03-25 10:50:39,1433,8,1336,89,Guangdong,23.3417,113.4244
China,2020-03-23 10:26:15,768,7,752,9,Shandong,36.3427,118.1498
China,2020-03-25 06:43:02,769,7,752,10,Shandong,36.3427,118.1498
China,2020-03-23 14:18:01,404,4,329,71,Shanghai,31.201999999999998,121.4491
China,2020-03-24 08:05:18,414,4,330,80,Shanghai,31.201999999999998,121.4491
China,2020-03-25 06:43:02,433,5,330,98,Shanghai,31.201999999999998,121.4491
Colombia,2020-03-23 23:19:21,277,3,3,271,Colombia,4.5709,-74.2973
Colombia,2020-03-24 23:37:15,378,3,6,369,Colombia,4.5709,-74.2973
Colombia,2020-03-25 23:33:04,470,4,8,458,Colombia,4.5709,-74.2973
Congo (Brazzaville),2020-03-23 23:19:21,4,0,0,4,Congo (Brazzaville),-4.2634,15.2832
Congo (Brazzaville),2020-03-24 23:37:15,4,0,0,4,Congo (Brazzaville),-4.2634,15.2832
Congo (Brazzaville),2020-03-25 23:33:04,4,0,0,4,Congo (Brazzaville),-4.2634,15.2832
Congo (Kinshasa),2020-03-23 23:19:21,36,1,0,35,Congo (Kinshasa),-4.322447,15.307045
Congo (Kinshasa),2020-03-24 23:37:15,45,2,0,43,Congo (Kinshasa),-4.322447,15.307045
Congo (Kinshasa),2020-03-25 23:33:04,48,2,0,46,Congo (Kinshasa),-4.322447,15.307045
Costa Rica,2020-03-23 23:19:21,158,2,2,154,Costa Rica,9.7489,-83.7534
Costa Rica,2020-03-24 23:37:15,177,2,2,173,Costa Rica,9.7489,-83.7534
Costa Rica,2020-03-25 23:33:04,201,2,2,197,Costa Rica,9.7489,-83.7534
Cote d'Ivoire,2020-03-23 23:19:21,25,0,2,23,Cote d'Ivoire,7.54,-5.5471
Cote d'Ivoire,2020-03-24 23:37:15,73,0,2,71,Cote d'Ivoire,7.54,-5.5471
Cote d'Ivoire,2020-03-25 23:33:04,80,0,3,77,Cote d'Ivoire,7.54,-5.5471
Croatia,2020-03-23 23:19:21,315,1,5,309,Croatia,45.1,15.2
Croatia,2020-03-24 23:37:15,382,1,5,376,Croatia,45.1,15.2
Croatia,2020-03-25 23:33:04,442,1,22,419,Croatia,45.1,15.2
Cuba,2020-03-23 23:19:21,40,1,0,39,Cuba,21.521757,-77.78116700000002
Cuba,2020-03-24 23:37:15,48,1,1,46,Cuba,21.521757,-77.78116700000002
Cuba,2020-03-25 23:33:04,57,1,1,55,Cuba,21.521757,-77.78116700000002
Cyprus,2020-03-23 23:19:21,116,1,3,112,Cyprus,35.1264,33.4299
Cyprus,2020-03-24 23:37:15,124,3,3,118,Cyprus,35.1264,33.4299
Cyprus,2020-03-25 23:33:04,132,3,3,126,Cyprus,35.1264,33.4299
Czechia,2020-03-23 23:19:21,1236,1,7,1228,Czechia,49.8175,15.472999999999999
Czechia,2020-03-24 23:37:15,1394,3,10,1381,Czechia,49.8175,15.472999999999999
Czechia,2020-03-25 23:33:04,1654,6,10,1638,Czechia,49.8175,15.472999999999999
Denmark,2020-03-23 23:19:21,1450,24,1,1425,Denmark,56.2639,9.5018
Denmark,2020-03-24 23:37:15,1591,32,1,1558,Denmark,56.2639,9.5018
Denmark,2020-03-25 23:33:04,1724,34,1,1689,Denmark,56.2639,9.5018
Denmark,2020-03-23 23:19:21,118,0,23,95,Faroe Islands,61.8926,-6.9118
Denmark,2020-03-24 23:37:15,122,0,33,89,Faroe Islands,61.8926,-6.9118
Denmark,2020-03-25 23:33:04,132,0,38,94,Faroe Islands,61.8926,-6.9118
Denmark,2020-03-23 23:19:21,4,0,0,4,Greenland,71.7069,-42.6043
Denmark,2020-03-24 23:37:15,5,0,2,3,Greenland,71.7069,-42.6043
Denmark,2020-03-25 23:33:04,6,0,2,4,Greenland,71.7069,-42.6043
Djibouti,2020-03-23 23:19:21,3,0,0,3,Djibouti,11.8251,42.5903
Djibouti,2020-03-24 23:37:15,3,0,0,3,Djibouti,11.8251,42.5903
Djibouti,2020-03-25 23:33:04,11,0,0,11,Djibouti,11.8251,42.5903
Dominica,2020-03-23 23:19:21,2,0,0,2,Dominica,15.415,-61.371
Dominica,2020-03-24 23:37:15,2,0,0,2,Dominica,15.415,-61.371
Dominica,2020-03-25 23:33:04,7,0,0,7,Dominica,15.415,-61.371
Dominican Republic,2020-03-23 23:19:21,245,3,3,239,Dominican Republic,18.7357,-70.1627
Dominican Republic,2020-03-24 23:37:15,312,6,3,303,Dominican Republic,18.7357,-70.1627
Dominican Republic,2020-03-25 23:33:04,392,10,3,379,Dominican Republic,18.7357,-70.1627
Ecuador,2020-03-23 23:19:21,981,18,3,960,Ecuador,-1.8312,-78.1834
Ecuador,2020-03-24 23:37:15,1082,27,3,1052,Ecuador,-1.8312,-78.1834
Ecuador,2020-03-25 23:33:04,1173,28,3,1142,Ecuador,-1.8312,-78.1834
Egypt,2020-03-23 23:19:21,366,19,68,279,Egypt,26.820553000000004,30.802497999999996
Egypt,2020-03-24 23:37:15,402,20,80,302,Egypt,26.820553000000004,30.802497999999996
Egypt,2020-03-25 23:33:04,456,21,95,340,Egypt,26.820553000000004,30.802497999999996
El Salvador,2020-03-23 23:19:21,3,0,0,3,El Salvador,13.7942,-88.8965
El Salvador,2020-03-24 23:37:15,5,0,0,5,El Salvador,13.7942,-88.8965
El Salvador,2020-03-25 23:33:04,9,0,0,9,El Salvador,13.7942,-88.8965
Equatorial Guinea,2020-03-23 23:19:21,9,0,0,9,Equatorial Guinea,1.6508,10.2679
Equatorial Guinea,2020-03-24 23:37:15,9,0,0,9,Equatorial Guinea,1.6508,10.2679
Equatorial Guinea,2020-03-25 23:33:04,9,0,0,9,Equatorial Guinea,1.6508,10.2679
Eritrea,2020-03-23 23:19:21,1,0,0,1,Eritrea,15.1794,39.7823
Eritrea,2020-03-24 23:37:15,1,0,0,1,Eritrea,15.1794,39.7823
Eritrea,2020-03-25 23:33:04,4,0,0,4,Eritrea,15.1794,39.7823
Estonia,2020-03-23 23:19:21,352,0,4,348,Estonia,58.5953,25.0136
Estonia,2020-03-24 23:37:15,369,0,7,362,Estonia,58.5953,25.0136
Estonia,2020-03-25 23:33:04,404,1,8,395,Estonia,58.5953,25.0136
Eswatini,2020-03-23 23:19:21,4,0,0,4,Eswatini,-26.5225,31.4659
Eswatini,2020-03-24 23:37:15,4,0,0,4,Eswatini,-26.5225,31.4659
Eswatini,2020-03-25 23:33:04,4,0,0,4,Eswatini,-26.5225,31.4659
Ethiopia,2020-03-23 23:19:21,11,0,0,11,Ethiopia,9.145,40.4897
Ethiopia,2020-03-24 23:37:15,12,0,0,12,Ethiopia,9.145,40.4897
Ethiopia,2020-03-25 23:33:04,12,0,0,12,Ethiopia,9.145,40.4897
Fiji,2020-03-23 23:19:21,3,0,0,3,Fiji,-17.7134,178.065
Fiji,2020-03-24 23:37:15,4,0,0,4,Fiji,-17.7134,178.065
Fiji,2020-03-25 23:33:04,5,0,0,5,Fiji,-17.7134,178.065
Finland,2020-03-23 23:19:21,700,1,10,689,Finland,61.92411,25.748151
Finland,2020-03-24 23:37:15,792,1,10,781,Finland,61.92411,25.748151
Finland,2020-03-25 23:33:04,880,3,10,867,Finland,61.92411,25.748151
France,2020-03-23 23:19:21,20,0,6,14,French Guiana,4.0,-53.0
France,2020-03-24 23:37:15,23,0,6,17,French Guiana,4.0,-53.0
France,2020-03-25 23:33:04,28,0,6,22,French Guiana,4.0,-53.0
France,2020-03-23 23:19:21,19874,860,2200,16814,French Polynesia,-17.6797,-149.4068
France,2020-03-24 23:37:15,25,0,0,25,French Polynesia,-17.6797,-149.4068
France,2020-03-25 23:33:04,25,0,0,25,French Polynesia,-17.6797,-149.4068
France,2020-03-23 23:19:21,62,1,0,61,Guadeloupe,16.265,-61.551
France,2020-03-24 23:37:15,62,1,0,61,Guadeloupe,16.265,-61.551
France,2020-03-25 23:33:04,73,1,0,72,Guadeloupe,16.265,-61.551
France,2020-03-23 23:19:21,53,1,0,52,Martinique,14.6415,-61.0242
France,2020-03-24 23:37:15,57,1,0,56,Martinique,14.6415,-61.0242
France,2020-03-25 23:33:04,66,1,0,65,Martinique,14.6415,-61.0242
France,2020-03-23 23:19:21,24,0,0,24,Mayotte,-12.8275,45.166244
France,2020-03-24 23:37:15,36,0,0,36,Mayotte,-12.8275,45.166244
France,2020-03-25 23:33:04,36,0,0,36,Mayotte,-12.8275,45.166244
France,2020-03-23 23:19:21,8,0,0,8,New Caledonia,-20.904304999999997,165.618042
France,2020-03-24 23:37:15,10,0,0,10,New Caledonia,-20.904304999999997,165.618042
France,2020-03-25 23:33:04,14,0,0,14,New Caledonia,-20.904304999999997,165.618042
France,2020-03-23 23:19:21,71,0,1,70,Reunion,-21.1151,55.5364
France,2020-03-24 23:37:15,94,0,1,93,Reunion,-21.1151,55.5364
France,2020-03-25 23:33:04,111,0,1,110,Reunion,-21.1151,55.5364
France,2020-03-23 23:19:21,3,0,0,3,Saint Barthelemy,17.9,-62.8333
France,2020-03-24 23:37:15,3,0,0,3,Saint Barthelemy,17.9,-62.8333
France,2020-03-25 23:33:04,3,0,0,3,Saint Barthelemy,17.9,-62.8333
France,2020-03-23 23:19:21,8,0,0,8,St Martin,18.0708,-63.0501
France,2020-03-24 23:37:15,8,0,0,8,St Martin,18.0708,-63.0501
France,2020-03-25 23:33:04,11,0,0,11,St Martin,18.0708,-63.0501
France,2020-03-24 23:37:15,22304,1100,3281,17923,France,46.2276,2.2137
France,2020-03-25 23:33:04,25233,1331,3900,20002,France,46.2276,2.2137
Gabon,2020-03-23 23:19:21,5,1,0,4,Gabon,-0.8037,11.6094
Gabon,2020-03-24 23:37:15,6,1,0,5,Gabon,-0.8037,11.6094
Gabon,2020-03-25 23:33:04,6,1,0,5,Gabon,-0.8037,11.6094
Gambia,2020-03-23 23:19:21,2,1,0,1,Gambia,13.4432,-15.3101
Gambia,2020-03-24 23:37:15,3,1,0,2,Gambia,13.4432,-15.3101
Gambia,2020-03-25 23:33:04,3,1,0,2,Gambia,13.4432,-15.3101
Georgia,2020-03-23 23:19:21,61,0,8,53,Georgia,31.74847232,-82.28909114
Georgia,2020-03-24 23:37:15,70,0,9,61,Georgia,31.74847232,-82.28909114
Georgia,2020-03-25 23:33:04,75,0,10,65,Georgia,31.74847232,-82.28909114
United States,2020-03-23 23:19:34,772,25,0,747,Georgia,31.74847232,-82.28909114
United States,2020-03-24 23:37:31,1026,32,0,994,Georgia,31.74847232,-82.28909114
United States,2020-03-25 23:33:19,1247,40,0,1207,Georgia,31.74847232,-82.28909114
Germany,2020-03-23 23:19:21,29056,123,453,28480,Germany,51.165690999999995,10.451526
Germany,2020-03-24 23:37:15,32986,157,3243,29586,Germany,51.165690999999995,10.451526
Germany,2020-03-25 23:33:04,37323,206,3547,33570,Germany,51.165690999999995,10.451526
Ghana,2020-03-23 23:19:21,27,2,0,25,Ghana,7.9465,-1.0232
Ghana,2020-03-24 23:37:15,53,2,0,51,Ghana,7.9465,-1.0232
Ghana,2020-03-25 23:33:04,93,4,0,89,Ghana,7.9465,-1.0232
Greece,2020-03-23 23:19:21,695,17,29,649,Greece,39.0742,21.8243
Greece,2020-03-24 23:37:15,743,20,29,694,Greece,39.0742,21.8243
Greece,2020-03-25 23:33:04,821,22,36,763,Greece,39.0742,21.8243
Grenada,2020-03-23 23:19:21,1,0,0,1,Grenada,12.1165,-61.678999999999995
Grenada,2020-03-24 23:37:15,1,0,0,1,Grenada,12.1165,-61.678999999999995
Grenada,2020-03-25 23:33:04,1,0,0,1,Grenada,12.1165,-61.678999999999995
Guatemala,2020-03-23 23:19:21,20,1,0,19,Guatemala,15.7835,-90.2308
Guatemala,2020-03-24 23:37:15,21,1,0,20,Guatemala,15.7835,-90.2308
Guatemala,2020-03-25 23:33:04,24,1,4,19,Guatemala,15.7835,-90.2308
Guinea,2020-03-23 23:19:21,4,0,0,4,Guinea,9.9456,-9.6966
Guinea,2020-03-24 23:37:15,4,0,0,4,Guinea,9.9456,-9.6966
Guinea,2020-03-25 23:33:04,4,0,0,4,Guinea,9.9456,-9.6966
Guinea-Bissau,2020-03-25 23:33:04,2,0,0,2,Guinea-Bissau,11.8037,-15.1804
Guyana,2020-03-23 23:19:21,20,1,0,19,Guyana,4.860416000000002,-58.93018000000001
Guyana,2020-03-24 23:37:15,5,1,0,4,Guyana,4.860416000000002,-58.93018000000001
Guyana,2020-03-25 23:33:04,5,1,0,4,Guyana,4.860416000000002,-58.93018000000001
Haiti,2020-03-23 23:19:21,6,0,0,6,Haiti,18.9712,-72.2852
Haiti,2020-03-24 23:37:15,7,0,0,7,Haiti,18.9712,-72.2852
Haiti,2020-03-25 23:33:04,8,0,0,8,Haiti,18.9712,-72.2852
Holy See,2020-03-23 23:19:21,1,0,0,1,Holy See,41.9029,12.4534
Holy See,2020-03-24 23:37:15,4,0,0,4,Holy See,41.9029,12.4534
Holy See,2020-03-25 23:33:04,4,0,0,4,Holy See,41.9029,12.4534
Honduras,2020-03-23 23:19:21,27,0,0,27,Honduras,15.2,-86.2419
Honduras,2020-03-24 23:37:15,30,0,0,30,Honduras,15.2,-86.2419
Honduras,2020-03-25 23:33:04,36,0,0,36,Honduras,15.2,-86.2419
Hungary,2020-03-23 23:19:21,167,7,16,144,Hungary,47.1625,19.5033
Hungary,2020-03-24 23:37:15,187,9,21,157,Hungary,47.1625,19.5033
Hungary,2020-03-25 23:33:04,226,10,21,195,Hungary,47.1625,19.5033
Iceland,2020-03-23 23:19:21,588,1,51,536,Iceland,64.9631,-19.0208
Iceland,2020-03-24 23:37:15,648,2,51,595,Iceland,64.9631,-19.0208
Iceland,2020-03-25 23:33:04,737,2,56,679,Iceland,64.9631,-19.0208
India,2020-03-23 23:19:21,499,10,34,455,India,20.593684,78.96288
India,2020-03-24 23:37:15,536,10,40,486,India,20.593684,78.96288
India,2020-03-25 23:33:04,657,12,43,602,India,20.593684,78.96288
Indonesia,2020-03-23 23:19:21,579,49,30,500,Indonesia,-0.7893,113.9213
Indonesia,2020-03-24 23:37:15,686,55,30,601,Indonesia,-0.7893,113.9213
Indonesia,2020-03-25 23:33:04,790,58,31,701,Indonesia,-0.7893,113.9213
Iran,2020-03-23 23:19:21,23049,1812,8376,12861,Iran,32.427908,53.68804599999999
Iran,2020-03-24 23:37:15,24811,1934,8913,13964,Iran,32.427908,53.68804599999999
Iran,2020-03-25 23:33:04,27017,2077,9625,15315,Iran,32.427908,53.68804599999999
Iraq,2020-03-23 23:19:21,266,23,62,181,Iraq,33.223191,43.679291
Iraq,2020-03-24 23:37:15,316,27,75,214,Iraq,33.223191,43.679291
Iraq,2020-03-25 23:33:04,346,29,103,214,Iraq,33.223191,43.679291
Ireland,2020-03-23 23:19:21,1125,6,5,1114,Ireland,53.1424,-7.6921
Ireland,2020-03-24 23:37:15,1329,7,5,1317,Ireland,53.1424,-7.6921
Ireland,2020-03-25 23:33:04,1564,9,5,1550,Ireland,53.1424,-7.6921
Israel,2020-03-23 23:19:21,1442,1,41,1400,Israel,31.046051000000002,34.851612
Israel,2020-03-24 23:37:15,1930,3,53,1874,Israel,31.046051000000002,34.851612
Israel,2020-03-25 23:33:04,2369,5,58,2306,Israel,31.046051000000002,34.851612
Italy,2020-03-23 23:19:21,63927,6077,7432,50418,Italy,41.87194,12.56738
Italy,2020-03-24 23:37:15,69176,6820,8326,54030,Italy,41.87194,12.56738
Italy,2020-03-25 23:33:04,74386,7503,9362,57521,Italy,41.87194,12.56738
Jamaica,2020-03-23 23:19:21,19,1,2,16,Jamaica,18.1096,-77.2975
Jamaica,2020-03-24 23:37:15,21,1,2,18,Jamaica,18.1096,-77.2975
Jamaica,2020-03-25 23:33:04,26,1,2,23,Jamaica,18.1096,-77.2975
Japan,2020-03-23 23:19:21,1128,42,235,851,Japan,36.204824,138.252924
Japan,2020-03-24 23:37:15,1193,43,285,865,Japan,36.204824,138.252924
Japan,2020-03-25 23:33:04,1307,45,310,952,Japan,36.204824,138.252924
Jordan,2020-03-23 23:19:21,127,0,1,126,Jordan,31.24,36.51
Jordan,2020-03-24 23:37:15,154,0,1,153,Jordan,31.24,36.51
Jordan,2020-03-25 23:33:04,172,0,1,171,Jordan,31.24,36.51
Kazakhstan,2020-03-23 23:19:21,62,0,0,62,Kazakhstan,48.0196,66.9237
Kazakhstan,2020-03-24 23:37:15,72,0,0,72,Kazakhstan,48.0196,66.9237
Kazakhstan,2020-03-25 23:33:04,81,0,0,81,Kazakhstan,48.0196,66.9237
Kenya,2020-03-23 23:19:21,16,0,0,16,Kenya,-0.0236,37.9062
Kenya,2020-03-24 23:37:15,25,0,0,25,Kenya,-0.0236,37.9062
Kenya,2020-03-25 23:33:04,28,0,1,27,Kenya,-0.0236,37.9062
"Korea, South",2020-03-23 23:19:21,8961,111,3166,5684,"Korea, South",35.90775700000001,127.766922
"Korea, South",2020-03-24 23:37:15,9037,120,3507,5410,"Korea, South",35.90775700000001,127.766922
Kuwait,2020-03-23 23:19:21,189,0,30,159,Kuwait,29.311659999999996,47.481766
Kuwait,2020-03-24 23:37:15,191,0,39,152,Kuwait,29.311659999999996,47.481766
Kuwait,2020-03-25 23:33:04,195,0,43,152,Kuwait,29.311659999999996,47.481766
Kyrgyzstan,2020-03-23 23:19:21,16,0,0,16,Kyrgyzstan,41.20438,74.766098
Kyrgyzstan,2020-03-24 23:37:15,42,0,0,42,Kyrgyzstan,41.20438,74.766098
Kyrgyzstan,2020-03-25 23:33:04,44,0,0,44,Kyrgyzstan,41.20438,74.766098
Laos,2020-03-24 23:37:15,2,0,0,2,Laos,19.85627,102.495496
Laos,2020-03-25 23:33:04,3,0,0,3,Laos,19.85627,102.495496
Latvia,2020-03-23 23:19:21,180,0,1,179,Latvia,56.8796,24.6032
Latvia,2020-03-24 23:37:15,197,0,1,196,Latvia,56.8796,24.6032
Latvia,2020-03-25 23:33:04,221,0,1,220,Latvia,56.8796,24.6032
Lebanon,2020-03-23 23:19:21,267,4,8,255,Lebanon,33.8547,35.8623
Lebanon,2020-03-24 23:37:15,318,4,8,306,Lebanon,33.8547,35.8623
Lebanon,2020-03-25 23:33:04,333,6,20,307,Lebanon,33.8547,35.8623
Liberia,2020-03-23 23:19:21,3,0,0,3,Liberia,6.4280550000000005,-9.429499
Liberia,2020-03-24 23:37:15,3,0,0,3,Liberia,6.4280550000000005,-9.429499
Liberia,2020-03-25 23:33:04,3,0,0,3,Liberia,6.4280550000000005,-9.429499
Libya,2020-03-24 23:37:15,1,0,0,1,Libya,26.3351,17.228331
Libya,2020-03-25 23:33:04,1,0,0,1,Libya,26.3351,17.228331
Liechtenstein,2020-03-23 23:19:21,51,0,0,51,Liechtenstein,47.14,9.55
Liechtenstein,2020-03-24 23:37:15,51,0,0,51,Liechtenstein,47.14,9.55
Liechtenstein,2020-03-25 23:33:04,51,0,0,51,Liechtenstein,47.14,9.55
Lithuania,2020-03-23 23:19:21,179,1,1,177,Lithuania,55.1694,23.8813
Lithuania,2020-03-24 23:37:15,209,2,1,206,Lithuania,55.1694,23.8813
Lithuania,2020-03-25 23:33:04,274,4,1,269,Lithuania,55.1694,23.8813
Luxembourg,2020-03-23 23:19:21,875,8,6,861,Luxembourg,49.8153,6.1296
Luxembourg,2020-03-24 23:37:15,1099,8,6,1085,Luxembourg,49.8153,6.1296
Luxembourg,2020-03-25 23:33:04,1333,8,6,1319,Luxembourg,49.8153,6.1296
Madagascar,2020-03-23 23:19:21,12,0,0,12,Madagascar,-18.766947000000002,46.869107
Madagascar,2020-03-24 23:37:15,17,0,0,17,Madagascar,-18.766947000000002,46.869107
Madagascar,2020-03-25 23:33:04,19,0,0,19,Madagascar,-18.766947000000002,46.869107
Malaysia,2020-03-23 23:19:21,1518,14,159,1345,Malaysia,4.210483999999999,101.97576600000001
Malaysia,2020-03-24 23:37:15,1624,16,183,1425,Malaysia,4.210483999999999,101.97576600000001
Malaysia,2020-03-25 23:33:04,1796,20,199,1577,Malaysia,4.210483999999999,101.97576600000001
Maldives,2020-03-23 23:19:21,13,0,5,8,Maldives,3.2028,73.2207
Maldives,2020-03-24 23:37:15,13,0,5,8,Maldives,3.2028,73.2207
Maldives,2020-03-25 23:33:04,13,0,8,5,Maldives,3.2028,73.2207
Mali,2020-03-25 23:33:04,2,0,0,2,Mali,17.570692,-3.996166000000001
Malta,2020-03-23 23:19:21,107,0,2,105,Malta,35.9375,14.3754
Malta,2020-03-24 23:37:15,110,0,2,108,Malta,35.9375,14.3754
Malta,2020-03-25 23:33:04,129,0,2,127,Malta,35.9375,14.3754
Mauritania,2020-03-23 23:19:21,2,0,0,2,Mauritania,21.0079,-10.9408
Mauritania,2020-03-24 23:37:15,2,0,0,2,Mauritania,21.0079,-10.9408
Mauritania,2020-03-25 23:33:04,2,0,0,2,Mauritania,21.0079,-10.9408
Mauritius,2020-03-23 23:19:21,36,2,0,34,Mauritius,-20.348404000000002,57.552152
Mauritius,2020-03-24 23:37:15,42,2,0,40,Mauritius,-20.348404000000002,57.552152
Mauritius,2020-03-25 23:33:04,48,2,0,46,Mauritius,-20.348404000000002,57.552152
Mexico,2020-03-23 23:19:21,316,3,4,309,Mexico,23.6345,-102.5528
Mexico,2020-03-24 23:37:15,367,4,4,359,Mexico,23.6345,-102.5528
Mexico,2020-03-25 23:33:04,405,5,4,396,Mexico,23.6345,-102.5528
Moldova,2020-03-23 23:19:21,109,1,2,106,Moldova,47.4116,28.3699
Moldova,2020-03-24 23:37:15,125,1,2,122,Moldova,47.4116,28.3699
Moldova,2020-03-25 23:33:04,149,1,2,146,Moldova,47.4116,28.3699
Monaco,2020-03-23 23:19:21,23,0,1,22,Monaco,43.7333,7.4167
Monaco,2020-03-24 23:37:15,23,0,1,22,Monaco,43.7333,7.4167
Monaco,2020-03-25 23:33:04,31,0,1,30,Monaco,43.7333,7.4167
Mongolia,2020-03-23 23:19:21,10,0,0,10,Mongolia,46.8625,103.8467
Mongolia,2020-03-24 23:37:15,10,0,0,10,Mongolia,46.8625,103.8467
Mongolia,2020-03-25 23:33:04,10,0,0,10,Mongolia,46.8625,103.8467
Montenegro,2020-03-23 23:19:21,27,1,0,26,Montenegro,42.708678000000006,19.37439
Montenegro,2020-03-24 23:37:15,47,1,0,46,Montenegro,42.708678000000006,19.37439
Montenegro,2020-03-25 23:33:04,52,1,0,51,Montenegro,42.708678000000006,19.37439
Morocco,2020-03-23 23:19:21,143,4,5,134,Morocco,31.7917,-7.0926
Morocco,2020-03-24 23:37:15,170,5,6,159,Morocco,31.7917,-7.0926
Morocco,2020-03-25 23:33:04,225,6,7,212,Morocco,31.7917,-7.0926
Mozambique,2020-03-23 23:19:21,1,0,0,1,Mozambique,-18.665695,35.529562
Mozambique,2020-03-24 23:37:15,3,0,0,3,Mozambique,-18.665695,35.529562
Mozambique,2020-03-25 23:33:04,5,0,0,5,Mozambique,-18.665695,35.529562
Namibia,2020-03-23 23:19:21,4,0,0,4,Namibia,-22.9576,18.4904
Namibia,2020-03-24 23:37:15,7,0,2,5,Namibia,-22.9576,18.4904
Namibia,2020-03-25 23:33:04,7,0,2,5,Namibia,-22.9576,18.4904
Nepal,2020-03-23 23:19:21,2,0,1,1,Nepal,28.1667,84.25
Nepal,2020-03-24 23:37:15,2,0,1,1,Nepal,28.1667,84.25
Nepal,2020-03-25 23:33:04,3,0,1,2,Nepal,28.1667,84.25
Netherlands,2020-03-23 23:19:21,9,0,1,8,Aruba,12.5211,-69.9683
Netherlands,2020-03-24 23:37:15,12,0,1,11,Aruba,12.5211,-69.9683
Netherlands,2020-03-25 23:33:04,17,0,1,16,Aruba,12.5211,-69.9683
Netherlands,2020-03-23 23:19:21,4,1,0,3,Curacao,12.1696,-68.99
Netherlands,2020-03-24 23:37:15,6,1,0,5,Curacao,12.1696,-68.99
Netherlands,2020-03-25 23:33:04,6,1,0,5,Curacao,12.1696,-68.99
Netherlands,2020-03-23 23:19:21,4749,213,2,4534,Netherlands,52.1326,5.2913
Netherlands,2020-03-24 23:37:15,5560,276,2,5282,Netherlands,52.1326,5.2913
Netherlands,2020-03-25 23:33:04,6412,356,3,6053,Netherlands,52.1326,5.2913
Netherlands,2020-03-23 23:19:21,2,0,0,2,Sint Maarten,18.0425,-63.0548
Netherlands,2020-03-24 23:37:15,2,0,0,2,Sint Maarten,18.0425,-63.0548
Netherlands,2020-03-25 23:33:04,3,0,0,3,Sint Maarten,18.0425,-63.0548
New Zealand,2020-03-23 23:19:21,102,0,0,102,New Zealand,-40.9006,174.886
New Zealand,2020-03-24 23:37:15,155,0,12,143,New Zealand,-40.9006,174.886
New Zealand,2020-03-25 23:33:04,205,0,22,183,New Zealand,-40.9006,174.886
Nicaragua,2020-03-23 23:19:21,2,0,0,2,Nicaragua,12.865416,-85.207229
Nicaragua,2020-03-24 23:37:15,2,0,0,2,Nicaragua,12.865416,-85.207229
Nicaragua,2020-03-25 23:33:04,2,0,0,2,Nicaragua,12.865416,-85.207229
Niger,2020-03-23 23:19:21,3,0,0,3,Niger,17.607789,8.081666
Niger,2020-03-24 23:37:15,3,0,0,3,Niger,17.607789,8.081666
Niger,2020-03-25 23:33:04,7,1,0,6,Niger,17.607789,8.081666
Nigeria,2020-03-23 23:19:21,40,1,2,37,Nigeria,9.082,8.6753
Nigeria,2020-03-24 23:37:15,44,1,2,41,Nigeria,9.082,8.6753
Nigeria,2020-03-25 23:33:04,51,1,2,48,Nigeria,9.082,8.6753
North Macedonia,2020-03-23 23:19:21,136,2,1,133,North Macedonia,41.6086,21.7453
North Macedonia,2020-03-24 23:37:15,148,2,1,145,North Macedonia,41.6086,21.7453
North Macedonia,2020-03-25 23:33:04,177,3,1,173,North Macedonia,41.6086,21.7453
Norway,2020-03-23 23:19:21,2621,10,6,2605,Norway,60.472,8.4689
Norway,2020-03-24 23:37:15,2863,12,6,2845,Norway,60.472,8.4689
Norway,2020-03-25 23:33:04,3084,14,6,3064,Norway,60.472,8.4689
Oman,2020-03-23 23:19:21,66,0,17,49,Oman,21.512583,55.92325500000001
Oman,2020-03-24 23:37:15,84,0,17,67,Oman,21.512583,55.92325500000001
Oman,2020-03-25 23:33:04,99,0,17,82,Oman,21.512583,55.92325500000001
Pakistan,2020-03-23 23:19:21,875,6,13,856,Pakistan,30.3753,69.3451
Pakistan,2020-03-24 23:37:15,972,7,18,947,Pakistan,30.3753,69.3451
Pakistan,2020-03-25 23:33:04,1063,8,21,1034,Pakistan,30.3753,69.3451
Panama,2020-03-23 23:19:21,313,3,1,309,Panama,8.538,-80.7821
Panama,2020-03-24 23:37:15,345,6,1,338,Panama,8.538,-80.7821
Panama,2020-03-25 23:33:04,443,8,1,434,Panama,8.538,-80.7821
Papua New Guinea,2020-03-23 23:19:21,1,0,0,1,Papua New Guinea,-6.314993,143.95555
Papua New Guinea,2020-03-24 23:37:15,1,0,0,1,Papua New Guinea,-6.314993,143.95555
Papua New Guinea,2020-03-25 23:33:04,1,0,0,1,Papua New Guinea,-6.314993,143.95555
Paraguay,2020-03-23 23:19:21,22,1,0,21,Paraguay,-23.4425,-58.4438
Paraguay,2020-03-24 23:37:15,27,2,0,25,Paraguay,-23.4425,-58.4438
Paraguay,2020-03-25 23:33:04,37,3,0,34,Paraguay,-23.4425,-58.4438
Peru,2020-03-23 23:19:21,395,5,1,389,Peru,-9.19,-75.0152
Peru,2020-03-24 23:37:15,416,7,1,408,Peru,-9.19,-75.0152
Peru,2020-03-25 23:33:04,480,9,1,470,Peru,-9.19,-75.0152
Philippines,2020-03-23 23:19:21,462,33,18,411,Philippines,12.879721,121.77401699999999
Philippines,2020-03-24 23:37:15,552,35,20,497,Philippines,12.879721,121.77401699999999
Philippines,2020-03-25 23:33:04,636,38,26,572,Philippines,12.879721,121.77401699999999
Poland,2020-03-23 23:19:21,749,8,13,728,Poland,51.9194,19.1451
Poland,2020-03-24 23:37:15,901,10,1,890,Poland,51.9194,19.1451
Poland,2020-03-25 23:33:04,1051,14,7,1030,Poland,51.9194,19.1451
Portugal,2020-03-23 23:19:21,2060,23,14,2023,Portugal,39.3999,-8.2245
Portugal,2020-03-24 23:37:15,2362,33,22,2307,Portugal,39.3999,-8.2245
Portugal,2020-03-25 23:33:04,2995,43,22,2930,Portugal,39.3999,-8.2245
Qatar,2020-03-23 23:19:21,501,0,33,468,Qatar,25.3548,51.1839
Qatar,2020-03-24 23:37:15,526,0,41,485,Qatar,25.3548,51.1839
Qatar,2020-03-25 23:33:04,537,0,41,496,Qatar,25.3548,51.1839
Romania,2020-03-23 23:19:21,576,7,73,496,Romania,45.9432,24.9668
Romania,2020-03-24 23:37:15,794,11,79,704,Romania,45.9432,24.9668
Romania,2020-03-25 23:33:04,906,17,86,803,Romania,45.9432,24.9668
Russia,2020-03-23 23:19:21,438,1,17,420,Russia,61.52401,105.31875600000001
Russia,2020-03-24 23:37:15,495,1,22,472,Russia,61.52401,105.31875600000001
Russia,2020-03-25 23:33:04,658,3,29,626,Russia,61.52401,105.31875600000001
Rwanda,2020-03-23 23:19:21,36,0,0,36,Rwanda,-1.9403,29.8739
Rwanda,2020-03-24 23:37:15,40,0,0,40,Rwanda,-1.9403,29.8739
Rwanda,2020-03-25 23:33:04,41,0,0,41,Rwanda,-1.9403,29.8739
Saint Kitts and Nevis,2020-03-25 23:33:04,2,0,0,2,Saint Kitts and Nevis,17.357822,-62.782998
Saint Lucia,2020-03-23 23:19:21,3,0,0,3,Saint Lucia,13.9094,-60.9789
Saint Lucia,2020-03-24 23:37:15,3,0,0,3,Saint Lucia,13.9094,-60.9789
Saint Lucia,2020-03-25 23:33:04,3,0,0,3,Saint Lucia,13.9094,-60.9789
Saint Vincent and the Grenadines,2020-03-23 23:19:21,1,0,0,1,Saint Vincent and the Grenadines,12.9843,-61.2872
Saint Vincent and the Grenadines,2020-03-24 23:37:15,1,0,0,1,Saint Vincent and the Grenadines,12.9843,-61.2872
Saint Vincent and the Grenadines,2020-03-25 23:33:04,1,0,0,1,Saint Vincent and the Grenadines,12.9843,-61.2872
San Marino,2020-03-23 23:19:21,187,20,4,163,San Marino,43.9424,12.4578
San Marino,2020-03-24 23:37:15,187,21,4,162,San Marino,43.9424,12.4578
San Marino,2020-03-25 23:33:04,208,21,4,183,San Marino,43.9424,12.4578
Saudi Arabia,2020-03-23 23:19:21,562,0,19,543,Saudi Arabia,23.885942,45.079162
Saudi Arabia,2020-03-24 23:37:15,767,1,28,738,Saudi Arabia,23.885942,45.079162
Saudi Arabia,2020-03-25 23:33:04,900,2,29,869,Saudi Arabia,23.885942,45.079162
Senegal,2020-03-23 23:19:21,79,0,8,71,Senegal,14.4974,-14.4524
Senegal,2020-03-24 23:37:15,86,0,8,78,Senegal,14.4974,-14.4524
Senegal,2020-03-25 23:33:04,99,0,9,90,Senegal,14.4974,-14.4524
Serbia,2020-03-23 23:19:21,249,3,3,243,Serbia,44.0165,21.0059
Serbia,2020-03-24 23:37:15,303,3,15,285,Serbia,44.0165,21.0059
Serbia,2020-03-25 23:33:04,384,4,15,365,Serbia,44.0165,21.0059
Seychelles,2020-03-23 23:19:21,7,0,0,7,Seychelles,-4.6796,55.492
Seychelles,2020-03-24 23:37:15,7,0,0,7,Seychelles,-4.6796,55.492
Seychelles,2020-03-25 23:33:04,7,0,0,7,Seychelles,-4.6796,55.492
Singapore,2020-03-23 23:19:21,509,2,152,355,Singapore,1.2833,103.8333
Singapore,2020-03-24 23:37:15,558,2,156,400,Singapore,1.2833,103.8333
Singapore,2020-03-25 23:33:04,631,2,160,469,Singapore,1.2833,103.8333
Slovakia,2020-03-23 23:19:21,186,0,7,179,Slovakia,48.669,19.699
Slovakia,2020-03-24 23:37:15,204,0,7,197,Slovakia,48.669,19.699
Slovakia,2020-03-25 23:33:04,216,0,7,209,Slovakia,48.669,19.699
Slovenia,2020-03-23 23:19:21,442,3,0,439,Slovenia,46.1512,14.9955
Slovenia,2020-03-24 23:37:15,480,4,3,473,Slovenia,46.1512,14.9955
Slovenia,2020-03-25 23:33:04,528,5,10,513,Slovenia,46.1512,14.9955
Somalia,2020-03-23 23:19:21,1,0,0,1,Somalia,5.152149,46.199616
Somalia,2020-03-24 23:37:15,1,0,0,1,Somalia,5.152149,46.199616
Somalia,2020-03-25 23:33:04,1,0,0,1,Somalia,5.152149,46.199616
South Africa,2020-03-23 23:19:21,402,0,4,398,South Africa,-30.5595,22.9375
South Africa,2020-03-24 23:37:15,554,0,4,550,South Africa,-30.5595,22.9375
South Africa,2020-03-25 23:33:04,709,0,12,697,South Africa,-30.5595,22.9375
South Korea,2020-03-25 23:33:04,9137,126,3730,5281,South Korea,35.90775700000001,127.766922
Spain,2020-03-23 23:19:21,35136,2311,3355,29470,Spain,40.463667,-3.7492199999999998
Spain,2020-03-24 23:37:15,39885,2808,3794,33283,Spain,40.463667,-3.7492199999999998
Spain,2020-03-25 23:33:04,49515,3647,5367,40501,Spain,40.463667,-3.7492199999999998
Sri Lanka,2020-03-23 23:19:21,97,0,2,95,Sri Lanka,7.873054,80.77179699999998
Sri Lanka,2020-03-24 23:37:15,102,0,2,100,Sri Lanka,7.873054,80.77179699999998
Sri Lanka,2020-03-25 23:33:04,102,0,3,99,Sri Lanka,7.873054,80.77179699999998
Sudan,2020-03-23 23:19:21,2,1,0,1,Sudan,12.8628,30.2176
Sudan,2020-03-24 23:37:15,3,1,0,2,Sudan,12.8628,30.2176
Sudan,2020-03-25 23:33:04,3,1,0,2,Sudan,12.8628,30.2176
Suriname,2020-03-23 23:19:21,5,0,0,5,Suriname,3.9193,-56.0278
Suriname,2020-03-24 23:37:15,7,0,0,7,Suriname,3.9193,-56.0278
Suriname,2020-03-25 23:33:04,8,0,0,8,Suriname,3.9193,-56.0278
Sweden,2020-03-23 23:19:21,2046,25,16,2005,Sweden,60.128161,18.643501
Sweden,2020-03-24 23:37:15,2286,36,16,2234,Sweden,60.128161,18.643501
Sweden,2020-03-25 23:33:04,2526,62,16,2448,Sweden,60.128161,18.643501
Switzerland,2020-03-23 23:19:21,8795,120,131,8544,Switzerland,46.8182,8.2275
Switzerland,2020-03-24 23:37:15,9877,122,131,9624,Switzerland,46.8182,8.2275
Switzerland,2020-03-25 23:33:04,10897,153,131,10613,Switzerland,46.8182,8.2275
Syria,2020-03-23 23:19:21,1,0,0,1,Syria,34.802075,38.99681500000001
Syria,2020-03-24 23:37:15,1,0,0,1,Syria,34.802075,38.99681500000001
Syria,2020-03-25 23:33:04,5,0,0,5,Syria,34.802075,38.99681500000001
Taiwan*,2020-03-23 06:45:13,195,2,28,165,Taiwan*,23.7,121.0
Taiwan*,2020-03-24 07:38:21,215,2,29,184,Taiwan*,23.7,121.0
Taiwan*,2020-03-25 08:02:14,235,2,29,204,Taiwan*,23.7,121.0
Tanzania,2020-03-23 23:19:21,12,0,0,12,Tanzania,-6.369028,34.888822
Tanzania,2020-03-24 23:37:15,12,0,0,12,Tanzania,-6.369028,34.888822
Tanzania,2020-03-25 23:33:04,12,0,0,12,Tanzania,-6.369028,34.888822
Thailand,2020-03-23 23:19:21,721,1,52,668,Thailand,15.870032,100.992541
Thailand,2020-03-24 23:37:15,827,4,52,771,Thailand,15.870032,100.992541
Thailand,2020-03-25 23:33:04,934,4,70,860,Thailand,15.870032,100.992541
Timor-Leste,2020-03-23 23:19:21,1,0,0,1,Timor-Leste,-8.874217,125.727539
Timor-Leste,2020-03-24 23:37:15,1,0,0,1,Timor-Leste,-8.874217,125.727539
Timor-Leste,2020-03-25 23:33:04,1,0,0,1,Timor-Leste,-8.874217,125.727539
Togo,2020-03-23 23:19:21,18,0,0,18,Togo,8.6195,0.8248
Togo,2020-03-24 23:37:15,20,0,1,19,Togo,8.6195,0.8248
Togo,2020-03-25 23:33:04,23,0,1,22,Togo,8.6195,0.8248
Trinidad and Tobago,2020-03-23 23:19:21,51,0,0,51,Trinidad and Tobago,10.6918,-61.2225
Trinidad and Tobago,2020-03-24 23:37:15,57,0,0,57,Trinidad and Tobago,10.6918,-61.2225
Trinidad and Tobago,2020-03-25 23:33:04,60,1,0,59,Trinidad and Tobago,10.6918,-61.2225
Tunisia,2020-03-23 23:19:21,89,3,1,85,Tunisia,33.886917,9.537499
Tunisia,2020-03-24 23:37:15,114,4,1,109,Tunisia,33.886917,9.537499
Tunisia,2020-03-25 23:33:04,173,5,2,166,Tunisia,33.886917,9.537499
Turkey,2020-03-23 23:19:21,1529,37,0,1492,Turkey,38.9637,35.2433
Turkey,2020-03-24 23:37:15,1872,44,0,1828,Turkey,38.9637,35.2433
Turkey,2020-03-25 23:33:04,2433,59,26,2348,Turkey,38.9637,35.2433
Uganda,2020-03-23 23:19:21,9,0,0,9,Uganda,1.373333,32.290275
Uganda,2020-03-24 23:37:15,9,0,0,9,Uganda,1.373333,32.290275
Uganda,2020-03-25 23:33:04,14,0,0,14,Uganda,1.373333,32.290275
Ukraine,2020-03-23 23:19:21,73,3,1,69,Ukraine,48.3794,31.1656
Ukraine,2020-03-24 23:37:15,97,3,1,93,Ukraine,48.3794,31.1656
Ukraine,2020-03-25 23:33:04,145,5,1,139,Ukraine,48.3794,31.1656
United Arab Emirates,2020-03-23 23:19:21,198,2,41,155,United Arab Emirates,23.424076,53.847818000000004
United Arab Emirates,2020-03-24 23:37:15,248,2,45,201,United Arab Emirates,23.424076,53.847818000000004
United Arab Emirates,2020-03-25 23:33:04,333,2,52,279,United Arab Emirates,23.424076,53.847818000000004
United Kingdom,2020-03-23 23:19:21,6,0,0,6,Bermuda,32.3078,-64.7505
United Kingdom,2020-03-24 23:37:15,6,0,0,6,Bermuda,32.3078,-64.7505
United Kingdom,2020-03-25 23:33:04,7,0,0,7,Bermuda,32.3078,-64.7505
United Kingdom,2020-03-23 23:19:21,5,1,0,4,Cayman Islands,19.3133,-81.2546
United Kingdom,2020-03-24 23:37:15,6,1,0,5,Cayman Islands,19.3133,-81.2546
United Kingdom,2020-03-25 23:33:04,8,1,0,7,Cayman Islands,19.3133,-81.2546
United Kingdom,2020-03-23 23:19:21,36,0,0,36,Channel Islands,49.3723,-2.3644
United Kingdom,2020-03-24 23:37:15,36,0,0,36,Channel Islands,49.3723,-2.3644
United Kingdom,2020-03-25 23:33:04,46,0,0,46,Channel Islands,49.3723,-2.3644
United Kingdom,2020-03-23 23:19:21,15,0,5,10,Gibraltar,36.1408,-5.3536
United Kingdom,2020-03-24 23:37:15,15,0,5,10,Gibraltar,36.1408,-5.3536
United Kingdom,2020-03-25 23:33:04,26,0,5,21,Gibraltar,36.1408,-5.3536
United Kingdom,2020-03-23 23:19:21,13,0,0,13,Isle of Man,54.2361,-4.5481
United Kingdom,2020-03-24 23:37:15,23,0,0,23,Isle of Man,54.2361,-4.5481
United Kingdom,2020-03-25 23:33:04,23,0,0,23,Isle of Man,54.2361,-4.5481
United Kingdom,2020-03-23 23:19:21,1,0,0,1,Montserrat,16.742498,-62.187366000000004
United Kingdom,2020-03-24 23:37:15,1,0,0,1,Montserrat,16.742498,-62.187366000000004
United Kingdom,2020-03-25 23:33:04,1,0,0,1,Montserrat,16.742498,-62.187366000000004
United Kingdom,2020-03-23 23:19:21,6650,335,135,6180,United Kingdom,55.3781,-3.4360000000000004
United Kingdom,2020-03-24 23:37:15,8077,422,135,7520,United Kingdom,55.3781,-3.4360000000000004
United Kingdom,2020-03-25 23:33:04,9529,465,135,8929,United Kingdom,55.3781,-3.4360000000000004
United States,2020-03-23 23:19:34,196,0,0,196,Alabama,32.53952745,-86.64408227
United States,2020-03-24 23:37:31,242,0,0,242,Alabama,32.53952745,-86.64408227
United States,2020-03-25 23:33:19,381,1,0,380,Alabama,32.53952745,-86.64408227
United States,2020-03-23 23:19:34,30,0,0,30,Alaska,55.32222414,-161.9722021
United States,2020-03-24 23:37:31,34,0,0,34,Alaska,55.32222414,-161.9722021
United States,2020-03-25 23:33:19,41,1,0,40,Alaska,55.32222414,-161.9722021
United States,2020-03-23 23:19:34,0,0,0,0,American Samoa,-14.270999999999999,-170.132
United States,2020-03-24 23:37:31,0,0,0,0,American Samoa,-14.270999999999999,-170.132
United States,2020-03-25 23:33:19,0,0,0,0,American Samoa,-14.270999999999999,-170.132
United States,2020-03-23 23:19:34,235,2,0,233,Arizona,35.39465006,-109.4892383
United States,2020-03-24 23:37:31,326,5,0,321,Arizona,35.39465006,-109.4892383
United States,2020-03-25 23:33:19,401,6,0,395,Arizona,35.39465006,-109.4892383
United States,2020-03-23 23:19:34,192,0,0,192,Arkansas,34.29145151,-91.37277296
United States,2020-03-24 23:37:31,219,2,0,217,Arkansas,34.29145151,-91.37277296
United States,2020-03-25 23:33:19,280,2,0,278,Arkansas,34.29145151,-91.37277296
United States,2020-03-23 23:19:34,2108,39,0,2069,California,37.64629437,-121.8929271
United States,2020-03-24 23:37:31,2538,50,0,2488,California,37.64629437,-121.8929271
United States,2020-03-25 23:33:19,2998,65,0,2933,California,37.64629437,-121.8929271
United States,2020-03-23 23:19:34,704,7,0,697,Colorado,39.87432092,-104.3362578
United States,2020-03-24 23:37:31,723,8,0,715,Colorado,39.87432092,-104.3362578
United States,2020-03-25 23:33:19,1021,16,0,1005,Colorado,39.87432092,-104.3362578
United States,2020-03-23 23:19:34,415,10,0,405,Connecticut,41.26809896,-73.3881171
United States,2020-03-24 23:37:31,618,12,0,606,Connecticut,41.26809896,-73.3881171
United States,2020-03-25 23:33:19,875,19,0,856,Connecticut,41.26809896,-73.3881171
United States,2020-03-23 23:19:34,68,0,0,68,Delaware,39.08646628,-75.56884914
United States,2020-03-24 23:37:31,104,0,0,104,Delaware,39.08646628,-75.56884914
United States,2020-03-25 23:33:19,119,0,0,119,Delaware,39.08646628,-75.56884914
United States,2020-03-23 23:19:34,120,2,0,118,District of Columbia,38.90417773,-77.01655992
United States,2020-03-24 23:37:31,141,2,0,139,District of Columbia,38.90417773,-77.01655992
United States,2020-03-25 23:33:19,187,2,0,185,District of Columbia,38.90417773,-77.01655992
United States,2020-03-23 23:19:34,1227,18,0,1209,Florida,29.67866525,-82.35928158
United States,2020-03-24 23:37:31,1412,18,0,1394,Florida,29.67866525,-82.35928158
United States,2020-03-25 23:33:19,1682,23,0,1659,Florida,29.67866525,-82.35928158
United States,2020-03-23 23:19:34,29,1,0,28,Guam,13.4443,144.7937
United States,2020-03-24 23:37:31,32,1,0,31,Guam,13.4443,144.7937
United States,2020-03-25 23:33:19,37,1,0,36,Guam,13.4443,144.7937
United States,2020-03-23 23:19:34,56,0,0,56,Hawaii,19.60121157,-155.5210167
United States,2020-03-24 23:37:31,90,1,0,89,Hawaii,19.60121157,-155.5210167
United States,2020-03-25 23:33:19,91,0,0,91,Hawaii,19.60121157,-155.5210167
United States,2020-03-23 23:19:34,68,0,0,68,Idaho,43.4526575,-116.24155159999998
United States,2020-03-24 23:37:31,81,0,0,81,Idaho,43.4526575,-116.24155159999998
United States,2020-03-25 23:33:19,91,0,0,91,Idaho,43.4526575,-116.24155159999998
United States,2020-03-23 23:19:34,1285,12,0,1273,Illinois,39.98815591,-91.18786813
United States,2020-03-24 23:37:31,1537,16,0,1521,Illinois,39.98815591,-91.18786813
United States,2020-03-25 23:33:19,1865,19,0,1846,Illinois,39.98815591,-91.18786813
United States,2020-03-23 23:19:34,270,7,0,263,Indiana,40.7457653,-84.93671406
United States,2020-03-24 23:37:31,368,12,0,356,Indiana,40.7457653,-84.93671406
United States,2020-03-25 23:33:19,477,14,0,463,Indiana,40.7457653,-84.93671406
United States,2020-03-23 23:19:34,105,0,0,105,Iowa,41.33075609,-94.47105874
United States,2020-03-24 23:37:31,124,0,0,124,Iowa,41.33075609,-94.47105874
United States,2020-03-25 23:33:19,146,1,0,145,Iowa,41.33075609,-94.47105874
United States,2020-03-23 23:19:34,84,2,0,82,Kansas,37.88582951,-95.30030847
United States,2020-03-24 23:37:31,100,2,0,98,Kansas,37.88582951,-95.30030847
United States,2020-03-25 23:33:19,134,3,0,131,Kansas,37.88582951,-95.30030847
United States,2020-03-23 23:19:34,123,4,0,119,Kentucky,37.10459774,-85.28129668
United States,2020-03-24 23:37:31,162,4,0,158,Kentucky,37.10459774,-85.28129668
United States,2020-03-25 23:33:19,197,5,0,192,Kentucky,37.10459774,-85.28129668
United States,2020-03-23 23:19:34,1172,35,0,1137,Louisiana,30.295064899999996,-92.41419698
United States,2020-03-24 23:37:31,1388,46,0,1342,Louisiana,30.295064899999996,-92.41419698
United States,2020-03-25 23:33:19,1795,65,0,1730,Louisiana,30.295064899999996,-92.41419698
United States,2020-03-23 23:19:34,107,0,0,107,Maine,44.1664747,-70.20380627
United States,2020-03-24 23:37:31,118,0,0,118,Maine,44.1664747,-70.20380627
United States,2020-03-25 23:33:19,142,0,0,142,Maine,44.1664747,-70.20380627
United States,2020-03-23 23:19:34,290,3,0,287,Maryland,39.62357628,-78.69280486
United States,2020-03-24 23:37:31,349,4,0,345,Maryland,39.62357628,-78.69280486
United States,2020-03-25 23:33:19,425,4,0,421,Maryland,39.62357628,-78.69280486
United States,2020-03-23 23:19:34,777,9,0,768,Massachusetts,41.72980578,-70.28854339
United States,2020-03-24 23:37:31,1159,11,0,1148,Massachusetts,41.72980578,-70.28854339
United States,2020-03-25 23:33:19,1838,15,0,1823,Massachusetts,41.72980578,-70.28854339
United States,2020-03-23 23:19:34,1329,15,0,1314,Michigan,44.6846864,-83.59507875
United States,2020-03-24 23:37:31,1793,24,0,1769,Michigan,44.6846864,-83.59507875
United States,2020-03-25 23:33:19,2296,43,0,2253,Michigan,44.6846864,-83.59507875
United States,2020-03-23 23:19:34,234,1,0,233,Minnesota,46.60962049,-93.41168259999999
United States,2020-03-24 23:37:31,261,1,0,260,Minnesota,46.60962049,-93.41168259999999
United States,2020-03-25 23:33:19,286,1,0,285,Minnesota,46.60962049,-93.41168259999999
United States,2020-03-23 23:19:34,249,1,0,248,Mississippi,31.47669768,-91.35326037
United States,2020-03-24 23:37:31,320,1,0,319,Mississippi,31.47669768,-91.35326037
United States,2020-03-25 23:33:19,377,3,0,374,Mississippi,31.47669768,-91.35326037
United States,2020-03-23 23:19:34,187,4,0,183,Missouri,40.19058551,-92.60078167
United States,2020-03-24 23:37:31,257,7,0,250,Missouri,40.19058551,-92.60078167
United States,2020-03-25 23:33:19,354,8,0,346,Missouri,40.19058551,-92.60078167
United States,2020-03-23 23:19:34,34,0,0,34,Montana,45.13434354,-112.89846940000001
United States,2020-03-24 23:37:31,51,0,0,51,Montana,45.13434354,-112.89846940000001
United States,2020-03-25 23:33:19,65,0,0,65,Montana,45.13434354,-112.89846940000001
United States,2020-03-23 23:19:34,51,0,0,51,Nebraska,40.52449420000001,-98.50117804
United States,2020-03-24 23:37:31,66,0,0,66,Nebraska,40.52449420000001,-98.50117804
United States,2020-03-25 23:33:19,71,0,0,71,Nebraska,40.52449420000001,-98.50117804
United States,2020-03-23 23:19:34,245,4,0,241,Nevada,39.15509045,-119.7480219
United States,2020-03-24 23:37:31,278,4,0,274,Nevada,39.15509045,-119.7480219
United States,2020-03-25 23:33:19,323,6,0,317,Nevada,39.15509045,-119.7480219
United States,2020-03-23 23:19:34,101,1,0,100,New Hampshire,43.51637314,-71.41684235
United States,2020-03-24 23:37:31,101,1,0,100,New Hampshire,43.51637314,-71.41684235
United States,2020-03-25 23:33:19,108,1,0,107,New Hampshire,43.51637314,-71.41684235
United States,2020-03-23 23:19:34,2844,27,0,2817,New Jersey,39.47538693,-74.65848483
United States,2020-03-24 23:37:31,3675,44,0,3631,New Jersey,39.47538693,-74.65848483
United States,2020-03-25 23:33:19,4402,62,0,4340,New Jersey,39.47538693,-74.65848483
United States,2020-03-23 23:19:34,83,0,0,83,New Mexico,35.05163625,-106.6703554
United States,2020-03-24 23:37:31,100,0,0,100,New Mexico,35.05163625,-106.6703554
United States,2020-03-25 23:33:19,113,1,0,112,New Mexico,35.05163625,-106.6703554
United States,2020-03-23 23:19:34,20884,158,0,20726,New York,42.60060306,-73.97723916
United States,2020-03-24 23:37:31,25681,210,0,25471,New York,42.60060306,-73.97723916
United States,2020-03-25 23:33:19,30841,285,0,30556,New York,42.60060306,-73.97723916
United States,2020-03-23 23:19:34,353,0,0,353,North Carolina,36.0434701,-79.39976137
United States,2020-03-24 23:37:31,495,0,0,495,North Carolina,36.0434701,-79.39976137
United States,2020-03-25 23:33:19,590,2,0,588,North Carolina,36.0434701,-79.39976137
United States,2020-03-23 23:19:34,30,0,0,30,North Dakota,46.09686891,-102.5285397
United States,2020-03-24 23:37:31,36,0,0,36,North Dakota,46.09686891,-102.5285397
United States,2020-03-25 23:33:19,45,0,0,45,North Dakota,46.09686891,-102.5285397
United States,2020-03-23 23:19:34,0,0,0,0,Northern Mariana Islands,15.0979,145.6739
United States,2020-03-24 23:37:31,0,0,0,0,Northern Mariana Islands,15.0979,145.6739
United States,2020-03-25 23:33:19,0,0,0,0,Northern Mariana Islands,15.0979,145.6739
United States,2020-03-23 23:19:34,443,6,0,437,Ohio,38.84541072,-83.4718964
United States,2020-03-24 23:37:31,567,8,0,559,Ohio,38.84541072,-83.4718964
United States,2020-03-25 23:33:19,704,11,0,693,Ohio,38.84541072,-83.4718964
United States,2020-03-23 23:19:34,81,2,0,79,Oklahoma,35.88494195,-94.65859267
United States,2020-03-24 23:37:31,106,3,0,103,Oklahoma,35.88494195,-94.65859267
United States,2020-03-25 23:33:19,164,5,0,159,Oklahoma,35.88494195,-94.65859267
United States,2020-03-23 23:19:34,191,5,0,186,Oregon,44.70915557,-117.6749883
United States,2020-03-24 23:37:31,210,8,0,202,Oregon,44.70915557,-117.6749883
United States,2020-03-25 23:33:19,266,10,0,256,Oregon,44.70915557,-117.6749883
United States,2020-03-23 23:19:34,698,6,0,692,Pennsylvania,39.87140411,-77.21610347
United States,2020-03-24 23:37:31,946,8,0,938,Pennsylvania,39.87140411,-77.21610347
United States,2020-03-25 23:33:19,1260,15,0,1245,Pennsylvania,39.87140411,-77.21610347
United States,2020-03-23 23:19:34,31,2,0,29,Puerto Rico,18.2208,-66.5901
United States,2020-03-24 23:37:31,39,2,0,37,Puerto Rico,18.2208,-66.5901
United States,2020-03-25 23:33:19,51,2,0,49,Puerto Rico,18.2208,-66.5901
United States,2020-03-23 23:19:34,106,0,0,106,Rhode Island,41.71018079,-71.28652315
United States,2020-03-24 23:37:31,124,0,0,124,Rhode Island,41.71018079,-71.28652315
United States,2020-03-25 23:33:19,132,0,0,132,Rhode Island,41.71018079,-71.28652315
United States,2020-03-23 23:19:34,298,5,0,293,South Carolina,34.22333378,-82.46170658
United States,2020-03-24 23:37:31,342,5,0,337,South Carolina,34.22333378,-82.46170658
United States,2020-03-25 23:33:19,424,7,0,417,South Carolina,34.22333378,-82.46170658
United States,2020-03-23 23:19:34,28,1,0,27,South Dakota,43.71757685,-98.56050467
United States,2020-03-24 23:37:31,30,1,0,29,South Dakota,43.71757685,-98.56050467
United States,2020-03-25 23:33:19,41,1,0,40,South Dakota,43.71757685,-98.56050467
United States,2020-03-23 23:19:34,614,2,0,612,Tennessee,36.12684348,-84.19965764
United States,2020-03-24 23:37:31,772,2,0,770,Tennessee,36.12684348,-84.19965764
United States,2020-03-25 23:33:19,916,3,0,913,Tennessee,36.12684348,-84.19965764
United States,2020-03-23 23:19:34,758,9,0,749,Texas,31.81534745,-95.65354823
United States,2020-03-24 23:37:31,955,12,0,943,Texas,31.81534745,-95.65354823
United States,2020-03-25 23:33:19,1229,15,0,1214,Texas,31.81534745,-95.65354823
United States,2020-03-23 23:19:34,257,1,0,256,Utah,38.35657051,-113.2342232
United States,2020-03-24 23:37:31,298,1,0,297,Utah,38.35657051,-113.2342232
United States,2020-03-25 23:33:19,340,1,0,339,Utah,38.35657051,-113.2342232
United States,2020-03-23 23:19:34,75,5,0,70,Vermont,44.03217337,-73.14130877
United States,2020-03-24 23:37:31,95,7,0,88,Vermont,44.03217337,-73.14130877
United States,2020-03-25 23:33:19,125,8,0,117,Vermont,44.03217337,-73.14130877
United States,2020-03-23 23:19:34,7,0,0,7,Virgin Islands,18.3358,-64.8963
United States,2020-03-24 23:37:31,17,0,0,17,Virgin Islands,18.3358,-64.8963
United States,2020-03-25 23:33:19,17,0,0,17,Virgin Islands,18.3358,-64.8963
United States,2020-03-23 23:19:34,254,6,0,248,Virginia,37.76707161,-75.63234615
United States,2020-03-24 23:37:31,293,9,0,284,Virginia,37.76707161,-75.63234615
United States,2020-03-25 23:33:19,396,9,0,387,Virginia,37.76707161,-75.63234615
United States,2020-03-23 23:19:34,2221,109,0,2112,Washington,46.98299757,-118.56017340000001
United States,2020-03-24 23:37:31,2328,116,0,2212,Washington,46.98299757,-118.56017340000001
United States,2020-03-25 23:33:19,2591,133,0,2458,Washington,46.98299757,-118.56017340000001
United States,2020-03-23 23:19:34,16,0,0,16,West Virginia,39.1307219,-80.00350858
United States,2020-03-24 23:37:31,22,0,0,22,West Virginia,39.1307219,-80.00350858
United States,2020-03-25 23:33:19,39,0,0,39,West Virginia,39.1307219,-80.00350858
United States,2020-03-23 23:19:34,425,5,0,420,Wisconsin,43.96974651,-89.76782777
United States,2020-03-24 23:37:31,481,5,0,476,Wisconsin,43.96974651,-89.76782777
United States,2020-03-25 23:33:19,621,7,0,614,Wisconsin,43.96974651,-89.76782777
United States,2020-03-23 23:19:34,4,0,0,4,Wuhan Evacuee,0.0,0.0
United States,2020-03-24 23:37:31,4,0,0,4,Wuhan Evacuee,0.0,0.0
United States,2020-03-23 23:19:34,26,0,0,26,Wyoming,41.65498705,-105.72354150000001
United States,2020-03-24 23:37:31,29,0,0,29,Wyoming,41.65498705,-105.72354150000001
United States,2020-03-25 23:33:19,44,0,0,44,Wyoming,41.65498705,-105.72354150000001
Uruguay,2020-03-23 23:19:21,158,0,0,158,Uruguay,-32.5228,-55.7658
Uruguay,2020-03-24 23:37:15,162,0,0,162,Uruguay,-32.5228,-55.7658
Uruguay,2020-03-25 23:33:04,189,0,0,189,Uruguay,-32.5228,-55.7658
Uzbekistan,2020-03-23 23:19:21,46,0,0,46,Uzbekistan,41.377491,64.585262
Uzbekistan,2020-03-24 23:37:15,50,0,0,50,Uzbekistan,41.377491,64.585262
Uzbekistan,2020-03-25 23:33:04,60,0,0,60,Uzbekistan,41.377491,64.585262
Venezuela,2020-03-23 23:19:21,77,0,15,62,Venezuela,6.4238,-66.5897
Venezuela,2020-03-24 23:37:15,84,0,15,69,Venezuela,6.4238,-66.5897
Venezuela,2020-03-25 23:33:04,91,0,15,76,Venezuela,6.4238,-66.5897
Vietnam,2020-03-23 23:19:21,123,0,17,106,Vietnam,14.058323999999999,108.277199
Vietnam,2020-03-24 23:37:15,134,0,17,117,Vietnam,14.058323999999999,108.277199
Vietnam,2020-03-25 23:33:04,141,0,17,124,Vietnam,14.058323999999999,108.277199
Zambia,2020-03-23 23:19:21,3,0,0,3,Zambia,-13.133897,27.849332
Zambia,2020-03-24 23:37:15,3,0,0,3,Zambia,-13.133897,27.849332
Zambia,2020-03-25 23:33:04,12,0,0,12,Zambia,-13.133897,27.849332
Zimbabwe,2020-03-23 23:19:21,3,1,0,2,Zimbabwe,-19.015438,29.154857
Zimbabwe,2020-03-24 23:37:15,3,1,0,2,Zimbabwe,-19.015438,29.154857
Zimbabwe,2020-03-25 23:33:04,3,1,0,2,Zimbabwe,-19.015438,29.154857
